country,iso2,g_whoregion,year,used_2021_defs_flg,pris_rel_with_new_flg,pris_newrel_coh,pris_newrel_succ,pris_newrel_fail,pris_newrel_died,pris_newrel_lost,pris_newrel_neval,pris_ret_nrel_coh,pris_ret_nrel_succ,pris_ret_nrel_fail,pris_ret_nrel_died,pris_ret_nrel_lost,pris_ret_nrel_neval,pris_tbhiv_coh,pris_tbhiv_succ,pris_tbhiv_fail,pris_tbhiv_died,pris_tbhiv_lost,pris_tbhiv_neval
Albania,AL,EUR,2012,,0,2,2,0,0,0,0,0,0,0,0,0,0,,,,,,
Albania,AL,EUR,2013,,1,2,2,0,0,0,0,0,0,0,0,0,0,0,0,0,0,0,0
Albania,AL,EUR,2014,,1,4,4,0,0,0,0,0,0,0,0,0,0,0,0,0,0,0,0
Albania,AL,EUR,2015,,1,0,,,,,,0,,,,,,0,,,,,
Albania,AL,EUR,2016,,1,3,2,0,0,0,1,0,0,0,0,0,0,0,0,0,0,0,0
Albania,AL,EUR,2017,,1,8,6,0,1,1,0,0,0,0,0,0,0,0,0,0,0,0,0
Albania,AL,EUR,2018,,1,3,3,0,0,0,0,0,0,0,0,0,0,0,0,0,0,0,0
Albania,AL,EUR,2019,,1,6,6,0,0,0,0,0,0,0,0,0,0,0,0,0,0,0,0
Albania,AL,EUR,2020,,,,,,,,,,,,,,,,,,,,
Albania,AL,EUR,2021,,,,,,,,,,,,,,,,,,,,
Andorra,AD,EUR,2012,,0,0,0,0,0,0,0,0,0,0,0,0,0,,,,,,
Andorra,AD,EUR,2013,,1,5,3,0,1,1,0,0,,,,,,0,,,,,
Andorra,AD,EUR,2014,,1,0,0,0,0,0,0,0,0,0,0,0,0,0,0,0,0,0,0
Andorra,AD,EUR,2015,,1,0,0,0,0,0,0,0,0,0,0,0,0,0,0,0,0,0,0
Andorra,AD,EUR,2016,,1,0,0,0,0,0,0,0,0,0,0,0,0,0,0,0,0,0,0
Andorra,AD,EUR,2017,,1,0,0,0,0,0,0,0,0,0,0,0,0,0,0,0,0,0,0
Andorra,AD,EUR,2018,,1,0,0,0,0,0,0,0,0,0,0,0,0,0,0,0,0,0,0
Andorra,AD,EUR,2019,,1,0,0,0,0,0,0,0,0,0,0,0,0,0,0,0,0,0,0
Andorra,AD,EUR,2020,1,,0,,,,,,0,,,,,,0,,,,,
Andorra,AD,EUR,2021,1,,0,,,,,,0,,,,,,0,,,,,
Armenia,AM,EUR,2012,,0,9,8,0,0,0,1,14,10,0,1,0,3,,,,,,
Armenia,AM,EUR,2013,,1,23,19,0,0,0,4,0,0,0,0,0,0,2,2,0,0,0,0
Armenia,AM,EUR,2014,,1,26,16,0,1,2,7,0,0,0,0,0,0,4,2,0,1,0,1
Armenia,AM,EUR,2015,,1,14,13,0,0,1,0,0,0,0,0,0,0,0,0,0,0,0,0
Armenia,AM,EUR,2016,,1,8,8,0,0,0,0,0,0,0,0,0,0,2,2,0,0,0,0
Armenia,AM,EUR,2017,,1,11,9,2,0,0,0,2,1,0,0,1,0,2,1,1,0,0,0
Armenia,AM,EUR,2018,,1,7,7,0,0,0,0,2,1,0,0,1,0,2,1,0,0,1,0
Armenia,AM,EUR,2019,,1,2,0,1,0,1,0,0,0,0,0,0,0,0,0,0,0,0,0
Armenia,AM,EUR,2020,1,,1,1,0,0,0,0,0,0,0,0,0,0,0,0,0,0,0,0
Armenia,AM,EUR,2021,1,,11,11,0,0,0,0,1,1,0,0,0,0,0,0,0,0,0,0
Austria,AT,EUR,2012,,,,,,,,,,,,,,,,,,,,
Austria,AT,EUR,2013,,,,,,,,,,,,,,,,,,,,
Austria,AT,EUR,2014,,,,,,,,,,,,,,,,,,,,
Austria,AT,EUR,2015,,,,,,,,,,,,,,,,,,,,
Austria,AT,EUR,2016,,,,,,,,,,,,,,,,,,,,
Austria,AT,EUR,2017,,,,,,,,,,,,,,,,,,,,
Austria,AT,EUR,2018,,,,,,,,,,,,,,,,,,,,
Austria,AT,EUR,2019,,,,,,,,,,,,,,,,,,,,
Austria,AT,EUR,2020,,,,,,,,,,,,,,,,,,,,
Austria,AT,EUR,2021,,,,,,,,,,,,,,,,,,,,
Azerbaijan,AZ,EUR,2012,,0,275,250,13,8,4,0,156,130,16,6,1,3,,,,,,
Azerbaijan,AZ,EUR,2013,,1,321,299,14,3,5,0,63,56,2,1,4,0,47,39,4,2,2,0
Azerbaijan,AZ,EUR,2014,,1,234,218,6,8,2,0,47,42,3,1,1,0,35,32,1,1,1,0
Azerbaijan,AZ,EUR,2015,,1,183,167,7,3,6,0,48,48,0,0,0,0,38,34,1,2,1,0
Azerbaijan,AZ,EUR,2016,,1,194,177,2,10,5,0,37,31,2,1,3,0,33,26,1,4,2,0
Azerbaijan,AZ,EUR,2017,,1,188,174,2,3,9,0,15,14,0,0,1,0,30,25,1,3,1,0
Azerbaijan,AZ,EUR,2018,,1,158,150,0,3,5,,13,12,0,0,1,,33,31,0,1,1,
Azerbaijan,AZ,EUR,2019,,1,116,112,1,2,0,1,16,15,1,0,0,,15,13,1,1,0,
Azerbaijan,AZ,EUR,2020,1,,86,83,0,1,2,0,16,15,0,1,0,0,11,11,0,0,0,0
Azerbaijan,AZ,EUR,2021,1,,112,106,1,3,2,0,28,27,0,1,0,0,24,22,0,2,0,0
Belarus,BY,EUR,2012,,0,127,97,10,2,16,2,49,29,4,0,14,2,,,,,,
Belarus,BY,EUR,2013,,1,99,81,7,2,8,1,1,1,0,0,0,0,10,6,2,2,0,0
Belarus,BY,EUR,2014,,1,58,48,5,2,1,2,2,2,0,0,0,0,5,4,0,0,0,1
Belarus,BY,EUR,2015,,1,67,56,5,1,5,0,4,4,0,0,0,0,11,9,2,0,0,0
Belarus,BY,EUR,2016,,1,47,45,1,1,0,0,5,4,0,0,1,0,13,11,0,1,1,0
Belarus,BY,EUR,2017,,1,40,30,2,0,0,8,10,7,0,0,0,3,8,5,0,1,0,2
Belarus,BY,EUR,2018,,1,40,37,2,0,0,1,10,10,0,0,0,0,8,7,1,0,0,0
Belarus,BY,EUR,2019,,1,23,20,1,1,1,0,6,6,0,0,0,0,7,5,1,0,1,0
Belarus,BY,EUR,2020,0,,7,7,0,0,0,0,1,1,0,0,0,0,2,2,0,0,0,0
Belarus,BY,EUR,2021,0,,17,14,1,0,2,0,1,1,0,0,0,0,3,2,0,0,1,0
Belgium,BE,EUR,2012,,1,30,21,0,0,8,1,4,2,0,0,2,0,0,0,0,0,0,0
Belgium,BE,EUR,2013,,1,22,12,0,1,7,2,2,2,0,0,0,0,0,0,0,0,0,0
Belgium,BE,EUR,2014,,1,34,18,0,1,10,5,6,3,0,0,2,1,1,0,0,0,1,0
Belgium,BE,EUR,2015,,1,10,6,0,0,2,2,2,1,0,0,0,1,0,0,0,0,0,0
Belgium,BE,EUR,2016,,1,18,11,0,0,4,3,0,0,0,0,0,0,1,0,0,0,0,1
Belgium,BE,EUR,2017,,1,20,11,0,2,2,5,0,0,0,0,0,0,0,0,0,0,0,0
Belgium,BE,EUR,2018,,1,15,11,0,1,3,0,2,1,0,0,1,0,0,0,0,0,0,0
Belgium,BE,EUR,2019,,1,13,11,0,0,2,0,6,3,0,0,2,1,0,0,0,0,0,0
Belgium,BE,EUR,2020,1,,11,8,0,0,2,1,1,1,0,0,0,0,1,1,0,0,0,0
Belgium,BE,EUR,2021,,,,,,,,,,,,,,,,,,,,
Bosnia and Herzegovina,BA,EUR,2012,,,,,,,,,,,,,,,,,,,,
Bosnia and Herzegovina,BA,EUR,2013,,1,4,3,,,,1,,,,,,,,,,,,
Bosnia and Herzegovina,BA,EUR,2014,,1,2,2,,,,,,,,,,,,,,,,
Bosnia and Herzegovina,BA,EUR,2015,,1,1,0,0,1,0,0,0,0,0,0,0,0,0,0,0,0,0,0
Bosnia and Herzegovina,BA,EUR,2016,,,,,,,,,,,,,,,,,,,,
Bosnia and Herzegovina,BA,EUR,2017,,,,,,,,,,,,,,,,,,,,
Bosnia and Herzegovina,BA,EUR,2018,,,,,,,,,,,,,,,,,,,,
Bosnia and Herzegovina,BA,EUR,2019,,,,,,,,,,,,,,,,,,,,
Bosnia and Herzegovina,BA,EUR,2020,,,,,,,,,,,,,,,,,,,,
Bosnia and Herzegovina,BA,EUR,2021,,,,,,,,,,,,,,,,,,,,
Bulgaria,BG,EUR,2012,,0,44,38,0,2,3,1,23,18,0,1,3,1,,,,,,
Bulgaria,BG,EUR,2013,,1,25,23,0,1,1,0,2,0,0,0,1,1,1,0,0,1,0,0
Bulgaria,BG,EUR,2014,,1,45,41,1,2,0,1,9,8,0,1,0,0,0,0,0,0,0,0
Bulgaria,BG,EUR,2015,,1,20,17,,3,,,4,3,,,1,,,,,,,
Bulgaria,BG,EUR,2016,,1,22,21,0,0,1,0,6,5,0,1,0,0,0,0,0,0,0,0
Bulgaria,BG,EUR,2017,,1,16,15,0,0,1,0,4,2,0,0,1,1,0,0,0,0,0,0
Bulgaria,BG,EUR,2018,,1,16,11,0,0,0,5,3,2,0,0,0,1,0,0,0,0,0,0
Bulgaria,BG,EUR,2019,,1,7,4,0,1,1,1,2,2,0,0,0,0,0,0,0,0,0,0
Bulgaria,BG,EUR,2020,1,,6,6,0,0,0,0,2,2,0,0,0,0,0,0,0,0,0,0
Bulgaria,BG,EUR,2021,1,,5,5,0,0,0,0,0,0,0,0,0,0,0,0,0,0,0,0
Croatia,HR,EUR,2012,,,,,,,,,,,,,,,,,,,,
Croatia,HR,EUR,2013,,,,,,,,,,,,,,,,,,,,
Croatia,HR,EUR,2014,,,,,,,,,,,,,,,,,,,,
Croatia,HR,EUR,2015,,,,,,,,,,,,,,,,,,,,
Croatia,HR,EUR,2016,,,,,,,,,,,,,,,,,,,,
Croatia,HR,EUR,2017,,,,,,,,,,,,,,,,,,,,
Croatia,HR,EUR,2018,,,,,,,,,,,,,,,,,,,,
Croatia,HR,EUR,2019,,,,,,,,,,,,,,,,,,,,
Croatia,HR,EUR,2020,,,,,,,,,,,,,,,,,,,,
Croatia,HR,EUR,2021,,,,,,,,,,,,,,,,,,,,
Cyprus,CY,EUR,2012,,,,,,,,,,,,,,,,,,,,
Cyprus,CY,EUR,2013,,,,,,,,,,,,,,,,,,,,
Cyprus,CY,EUR,2014,,,,,,,,,,,,,,,,,,,,
Cyprus,CY,EUR,2015,,,,,,,,,,,,,,,,,,,,
Cyprus,CY,EUR,2016,,0,1,,,,1,,0,,,,,,0,,,,,
Cyprus,CY,EUR,2017,,,,,,,,,,,,,,,,,,,,
Cyprus,CY,EUR,2018,,,,,,,,,,,,,,,,,,,,
Cyprus,CY,EUR,2019,,,,,,,,,,,,,,,,,,,,
Cyprus,CY,EUR,2020,,,,,,,,,,,,,,,,,,,,
Cyprus,CY,EUR,2021,,,,,,,,,,,,,,,,,,,,
Czech Republic,CZ,EUR,2012,,1,20,15,0,0,5,0,1,1,0,0,0,0,0,0,0,0,0,0
Czech Republic,CZ,EUR,2013,,0,16,7,0,2,3,4,0,0,0,0,0,0,0,0,0,0,0,0
Czech Republic,CZ,EUR,2014,,0,14,10,,,4,,2,,,1,,1,,,,,,
Czech Republic,CZ,EUR,2015,,0,18,14,0,1,1,2,1,0,0,0,0,1,0,0,0,0,0,0
Czechia,CZ,EUR,2016,,0,13,11,0,1,0,1,1,1,0,0,0,0,0,0,0,0,0,0
Czechia,CZ,EUR,2017,,0,23,18,0,1,1,3,2,2,0,0,0,0,1,0,0,0,0,1
Czechia,CZ,EUR,2018,,0,19,13,0,1,5,0,2,2,0,0,0,0,1,1,0,0,0,0
Czechia,CZ,EUR,2019,,0,6,5,0,0,1,0,2,0,0,1,0,1,0,0,0,0,0,0
Czechia,CZ,EUR,2020,0,,3,2,0,1,0,0,1,1,0,0,0,0,0,0,0,0,0,0
Czechia,CZ,EUR,2021,0,,2,2,0,0,0,0,1,1,0,0,0,0,0,0,0,0,0,0
Denmark,DK,EUR,2012,,,,,,,,,,,,,,,,,,,,
Denmark,DK,EUR,2013,,,,,,,,,,,,,,,,,,,,
Denmark,DK,EUR,2014,,,,,,,,,,,,,,,,,,,,
Denmark,DK,EUR,2015,,,,,,,,,,,,,,,,,,,,
Denmark,DK,EUR,2016,,,,,,,,,,,,,,,,,,,,
Denmark,DK,EUR,2017,,,,,,,,,,,,,,,,,,,,
Denmark,DK,EUR,2018,,1,298,,,6,,292,,,,,,,6,,,0,,6
Denmark,DK,EUR,2019,,,,,,,,,,,,,,,,,,,,
Denmark,DK,EUR,2020,,,,,,,,,,,,,,,,,,,,
Denmark,DK,EUR,2021,,,,,,,,,,,,,,,,,,,,
Estonia,EE,EUR,2012,,0,4,3,,,1,,4,4,,,,,,,,,,
Estonia,EE,EUR,2013,,1,16,14,,1,1,,1,1,,,,,8,6,,1,1,
Estonia,EE,EUR,2014,,1,5,5,,,,,1,1,,,,,4,4,,,,
Estonia,EE,EUR,2015,,1,9,8,0,0,1,0,1,1,0,0,0,0,2,2,0,0,0,0
Estonia,EE,EUR,2016,,1,8,8,,,,,0,0,,,,,4,4,,,,
Estonia,EE,EUR,2017,,1,3,2,,,,1,0,,,,,,0,,,,,
Estonia,EE,EUR,2018,,1,5,5,,,,,0,,,,,,1,1,,,,
Estonia,EE,EUR,2019,,1,2,2,,,,,0,,,,,,0,,,,,
Estonia,EE,EUR,2020,1,,3,3,,,,,,,,,,,2,2,,,,
Estonia,EE,EUR,2021,1,,2,2,,,,,0,,,,,,1,1,,,,
Faroe Islands,FO,EUR,2020,,,,,,,,,,,,,,,,,,,,
Faroe Islands,FO,EUR,2021,,,,,,,,,,,,,,,,,,,,
Finland,FI,EUR,2012,,,,,,,,,,,,,,,,,,,,
Finland,FI,EUR,2013,,,,,,,,,,,,,,,,,,,,
Finland,FI,EUR,2014,,,,,,,,,,,,,,,,,,,,
Finland,FI,EUR,2015,,,,,,,,,,,,,,,,,,,,
Finland,FI,EUR,2016,,,,,,,,,,,,,,,,,,,,
Finland,FI,EUR,2017,,,,,,,,,,,,,,,,,,,,
Finland,FI,EUR,2018,,,,,,,,,,,,,,,,,,,,
Finland,FI,EUR,2019,,,,,,,,,,,,,,,,,,,,
Finland,FI,EUR,2020,,,,,,,,,,,,,,,,,,,,
Finland,FI,EUR,2021,,,,,,,,,,,,,,,,,,,,
France,FR,EUR,2012,,,,,,,,,,,,,,,,,,,,
France,FR,EUR,2013,,,,,,,,,,,,,,,,,,,,
France,FR,EUR,2014,,,,,,,,,,,,,,,,,,,,
France,FR,EUR,2015,,,,,,,,,,,,,,,,,,,,
France,FR,EUR,2016,,,,,,,,,,,,,,,,,,,,
France,FR,EUR,2017,,,,,,,,,,,,,,,,,,,,
France,FR,EUR,2018,,,,,,,,,,,,,,,,,,,,
France,FR,EUR,2019,,,,,,,,,,,,,,,,,,,,
France,FR,EUR,2020,,,,,,,,,,,,,,,,,,,,
France,FR,EUR,2021,1,,,,,,,,,,,,,,,,,,,
Georgia,GE,EUR,2012,,0,393,328,7,2,3,53,143,112,0,6,3,22,,,,,,
Georgia,GE,EUR,2013,,1,104,75,0,0,4,25,61,46,1,0,4,10,1,1,0,0,0,0
Georgia,GE,EUR,2014,,1,81,67,4,0,1,9,33,24,0,0,3,6,2,2,0,0,0,0
Georgia,GE,EUR,2015,,1,61,51,2,0,3,5,16,12,0,0,3,1,1,1,0,0,0,0
Georgia,GE,EUR,2016,,1,49,37,1,1,3,7,11,10,0,0,0,1,6,4,1,0,0,1
Georgia,GE,EUR,2017,,1,57,46,2,0,0,9,21,13,1,0,1,6,3,1,0,0,0,2
Georgia,GE,EUR,2018,,1,34,28,2,0,3,1,10,9,1,0,0,0,2,2,0,0,0,0
Georgia,GE,EUR,2019,,1,22,22,0,0,0,0,6,6,0,0,0,0,0,0,0,0,0,0
Georgia,GE,EUR,2020,1,,25,21,0,0,4,0,9,7,0,0,2,0,2,1,0,0,1,0
Georgia,GE,EUR,2021,1,,21,17,2,0,2,0,5,4,0,0,1,0,0,0,0,0,0,0
Germany,DE,EUR,2012,,,,,,,,,,,,,,,,,,,,
Germany,DE,EUR,2013,,,,,,,,,,,,,,,,,,,,
Germany,DE,EUR,2014,,1,,,,,,,,,,,,,,,,,,
Germany,DE,EUR,2015,,,,,,,,,,,,,,,,,,,,
Germany,DE,EUR,2016,,,,,,,,,,,,,,,,,,,,
Germany,DE,EUR,2017,,,,,,,,,,,,,,,,,,,,
Germany,DE,EUR,2018,,,,,,,,,,,,,,,,,,,,
Germany,DE,EUR,2019,,1,44,20,0,1,12,11,3,0,,,1,2,,,,,,
Germany,DE,EUR,2020,,,,,,,,,,,,,,,,,,,,
Germany,DE,EUR,2021,,,,,,,,,,,,,,,,,,,,
Greece,GR,EUR,2012,,,,,,,,,,,,,,,,,,,,
Greece,GR,EUR,2013,,,,,,,,,,,,,,,,,,,,
Greece,GR,EUR,2014,,,,,,,,,,,,,,,,,,,,
Greece,GR,EUR,2015,,,,,,,,,,,,,,,,,,,,
Greece,GR,EUR,2016,,,,,,,,,,,,,,,,,,,,
Greece,GR,EUR,2017,,,,,,,,,,,,,,,,,,,,
Greece,GR,EUR,2018,,1,,,,,,,,,,,,,,,,,,
Greece,GR,EUR,2019,,,,,,,,,,,,,,,,,,,,
Greece,GR,EUR,2020,,,,,,,,,,,,,,,,,,,,
Greece,GR,EUR,2021,,,,,,,,,,,,,,,,,,,,
Greenland,GL,EUR,2012,,,,,,,,,,,,,,,,,,,,
Greenland,GL,EUR,2013,,,,,,,,,,,,,,,,,,,,
Greenland,GL,EUR,2014,,,,,,,,,,,,,,,,,,,,
Greenland,GL,EUR,2015,,,,,,,,,,,,,,,,,,,,
Greenland,GL,EUR,2016,,,,,,,,,,,,,,,,,,,,
Greenland,GL,EUR,2017,,,,,,,,,,,,,,,,,,,,
Greenland,GL,EUR,2018,,,,,,,,,,,,,,,,,,,,
Greenland,GL,EUR,2019,,,,,,,,,,,,,,,,,,,,
Greenland,GL,EUR,2020,,,,,,,,,,,,,,,,,,,,
Greenland,GL,EUR,2021,,,,,,,,,,,,,,,,,,,,
Hungary,HU,EUR,2012,,0,11,10,0,0,1,0,0,0,0,0,0,0,,,,,,
Hungary,HU,EUR,2013,,1,14,10,1,1,1,1,5,4,,,1,,,,,,,
Hungary,HU,EUR,2014,,,,,,,,,,,,,,,,,,,,
Hungary,HU,EUR,2015,,1,4,2,,,2,,0,,,,,,,,,,,
Hungary,HU,EUR,2016,,,,,,,,,,,,,,,,,,,,
Hungary,HU,EUR,2017,,1,9,6,0,0,1,2,0,0,0,0,0,0,0,0,0,0,0,0
Hungary,HU,EUR,2018,,1,15,11,0,0,1,3,2,1,0,0,1,0,0,0,0,0,0,0
Hungary,HU,EUR,2019,,,,,,,,,,,,,,,,,,,,
Hungary,HU,EUR,2020,,,,,,,,,,,,,,,,,,,,
Hungary,HU,EUR,2021,1,,4,0,1,1,1,1,0,0,0,0,0,0,0,0,0,0,0,0
Iceland,IS,EUR,2012,,,,,,,,,,,,,,,,,,,,
Iceland,IS,EUR,2013,,1,,,,,,,,,,,,,,,,,,
Iceland,IS,EUR,2014,,,,,,,,,,,,,,,,,,,,
Iceland,IS,EUR,2015,,,,,,,,,,,,,,,,,,,,
Iceland,IS,EUR,2016,,,,,,,,,,,,,,,,,,,,
Iceland,IS,EUR,2017,,,,,,,,,,,,,,,,,,,,
Iceland,IS,EUR,2018,,,,,,,,,,,,,,,,,,,,
Iceland,IS,EUR,2019,,,,,,,,,,,,,,,,,,,,
Iceland,IS,EUR,2020,,,,,,,,,,,,,,,,,,,,
Iceland,IS,EUR,2021,,,,,,,,,,,,,,,,,,,,
Ireland,IE,EUR,2012,,0,2,1,0,0,0,1,0,0,0,0,0,0,,,,,,
Ireland,IE,EUR,2013,,0,1,,,,,1,,,,,,,,,,,,
Ireland,IE,EUR,2014,,1,5,3,0,0,1,1,0,0,0,0,0,0,1,1,0,0,0,0
Ireland,IE,EUR,2015,,1,0,0,0,0,0,0,0,0,0,0,0,0,0,0,0,0,0,0
Ireland,IE,EUR,2016,,1,0,0,0,0,0,0,0,0,0,0,0,0,0,0,0,0,0,0
Ireland,IE,EUR,2017,,1,0,,,,,,0,,,,,,0,,,,,
Ireland,IE,EUR,2018,,1,0,0,0,0,0,0,0,0,0,0,0,0,0,0,0,0,0,0
Ireland,IE,EUR,2019,,,,,,,,,,,,,,,,,,,,
Ireland,IE,EUR,2020,1,,0,0,0,0,0,0,0,0,0,0,0,0,0,0,0,0,0,0
Ireland,IE,EUR,2021,0,,1,0,0,0,0,1,0,0,0,0,0,0,0,0,0,0,0,0
Israel,IL,EUR,2012,,0,3,2,0,1,0,0,0,0,0,0,0,0,,,,,,
Israel,IL,EUR,2013,,1,10,6,0,0,2,2,0,0,0,0,0,0,0,0,0,0,0,0
Israel,IL,EUR,2014,,1,5,4,0,0,0,1,0,0,0,0,0,0,0,0,0,0,0,0
Israel,IL,EUR,2015,,1,2,2,0,0,0,0,0,0,0,0,0,0,0,0,0,0,0,0
Israel,IL,EUR,2016,,,,,,,,,,,,,,,,,,,,
Israel,IL,EUR,2017,,,,,,,,,,,,,,,,,,,,
Israel,IL,EUR,2018,,,,,,,,,,,,,,,,,,,,
Israel,IL,EUR,2019,,0,,,,,,,,,,,,,,,,,,
Israel,IL,EUR,2020,,,,,,,,,,,,,,,,,,,,
Israel,IL,EUR,2021,1,,1,1,0,0,0,0,0,,,,,,0,,,,,
Italy,IT,EUR,2012,,,,,,,,,,,,,,,,,,,,
Italy,IT,EUR,2013,,,,,,,,,,,,,,,,,,,,
Italy,IT,EUR,2014,,,,,,,,,,,,,,,,,,,,
Italy,IT,EUR,2015,,,,,,,,,,,,,,,,,,,,
Italy,IT,EUR,2016,,,,,,,,,,,,,,,,,,,,
Italy,IT,EUR,2017,,,,,,,,,,,,,,,,,,,,
Italy,IT,EUR,2018,,,,,,,,,,,,,,,,,,,,
Italy,IT,EUR,2019,,,,,,,,,,,,,,,,,,,,
Italy,IT,EUR,2020,,,,,,,,,,,,,,,,,,,,
Italy,IT,EUR,2021,,,,,,,,,,,,,,,,,,,,
Kazakhstan,KZ,EUR,2012,,0,761,405,68,11,5,272,784,237,99,16,15,417,,,,,,
Kazakhstan,KZ,EUR,2013,,0,1056,541,59,12,9,435,64,24,9,4,2,25,52,30,3,5,0,14
Kazakhstan,KZ,EUR,2014,,1,682,480,42,15,4,141,38,20,5,2,2,9,61,42,2,7,0,10
Kazakhstan,KZ,EUR,2015,,1,634,503,44,8,79,0,,,,,,,,,,,,
Kazakhstan,KZ,EUR,2016,,,,,,,,,,,,,,,,,,,,
Kazakhstan,KZ,EUR,2017,,1,239,159,20,5,1,54,5,5,0,0,0,0,,,,,,
Kazakhstan,KZ,EUR,2018,,1,145,106,9,3,27,0,2,1,0,0,1,0,18,10,3,1,4,0
Kazakhstan,KZ,EUR,2019,,1,77,67,4,1,5,0,2,2,0,0,0,0,8,6,0,0,2,0
Kazakhstan,KZ,EUR,2020,1,,62,52,3,1,0,6,2,1,0,0,0,1,8,5,1,0,0,2
Kazakhstan,KZ,EUR,2021,1,,76,69,2,0,2,3,1,1,0,0,0,0,9,7,0,0,1,1
Kosovo,XA,EUR,2012,,,,,,,,,,,,,,,,,,,,
Kosovo,XA,EUR,2013,,1,40,37,2,1,,,,,,,,,,,,,,
Kosovo,XA,EUR,2014,,0,2,2,0,0,0,,0,0,0,0,0,0,0,0,0,0,0,0
Kosovo,XA,EUR,2015,,,,,,,,,,,,,,,,,,,,
Kosovo,XA,EUR,2016,,1,1,1,0,0,0,0,0,0,0,0,0,0,0,0,0,0,0,0
Kosovo,XA,EUR,2017,,1,0,0,0,0,0,0,0,0,0,0,0,0,0,0,0,0,0,0
Kosovo,XA,EUR,2018,,1,686,573,3,23,55,32,13,6,0,3,4,0,0,0,0,0,0,0
Kosovo,XA,EUR,2019,,,,,,,,,,,,,,,,,,,,
Kosovo,XA,EUR,2020,,,,,,,,,,,,,,,,,,,,
Kosovo,XA,EUR,2021,,,,,,,,,,,,,,,,,,,,
Kyrgyzstan,KG,EUR,2012,,0,162,112,4,8,7,31,94,53,3,5,3,30,,,,,,
Kyrgyzstan,KG,EUR,2013,,0,125,96,10,6,8,5,51,41,2,2,1,5,,,,,,
Kyrgyzstan,KG,EUR,2014,,0,121,95,3,12,11,0,44,36,1,1,6,0,,,,,,
Kyrgyzstan,KG,EUR,2015,,1,170,131,5,13,20,1,15,9,0,2,4,0,31,18,2,10,1,0
Kyrgyzstan,KG,EUR,2016,,1,162,130,4,9,18,1,18,15,0,1,2,0,25,17,0,7,0,1
Kyrgyzstan,KG,EUR,2017,,1,154,125,6,7,16,0,10,8,0,0,2,0,34,24,4,6,0,0
Kyrgyzstan,KG,EUR,2018,,1,159,127,2,5,25,,10,8,,,1,1,22,18,,2,2,
Kyrgyzstan,KG,EUR,2019,,1,95,77,3,3,12,0,11,3,1,0,7,0,7,4,0,2,1,0
Kyrgyzstan,KG,EUR,2020,1,,53,39,0,1,3,10,9,3,0,0,0,6,7,4,0,1,0,2
Kyrgyzstan,KG,EUR,2021,1,,58,50,0,1,6,1,5,3,0,0,2,0,5,4,0,0,1,0
Latvia,LV,EUR,2012,,0,49,40,0,0,7,2,11,8,0,2,0,1,29,23,0,2,0,4
Latvia,LV,EUR,2013,,1,40,34,0,0,0,6,2,2,0,0,0,0,13,13,0,0,0,0
Latvia,LV,EUR,2014,,1,44,32,0,2,0,10,0,0,0,0,0,0,19,12,0,2,0,5
Latvia,LV,EUR,2015,,1,33,25,0,0,4,4,0,0,0,0,0,0,8,6,0,0,0,2
Latvia,LV,EUR,2016,,1,32,28,1,1,1,1,0,0,0,0,0,0,5,4,0,1,0,0
Latvia,LV,EUR,2017,,,,,,,,,,,,,,,,,,,,
Latvia,LV,EUR,2018,,,,,,,,,,,,,,,,,,,,
Latvia,LV,EUR,2019,,,,,,,,,,,,,,,,,,,,
Latvia,LV,EUR,2020,,,,,,,,,,,,,,,,,,,,
Latvia,LV,EUR,2021,,,,,,,,,,,,,,,,,,,,
Lithuania,LT,EUR,2012,,0,31,22,0,2,7,0,11,1,1,1,4,4,,,,,,
Lithuania,LT,EUR,2013,,1,45,17,0,6,3,19,11,0,0,1,0,10,8,0,0,4,0,4
Lithuania,LT,EUR,2014,,1,44,31,0,1,12,0,9,1,0,0,3,5,10,4,0,1,5,0
Lithuania,LT,EUR,2015,,1,36,22,0,4,10,0,2,0,0,0,2,0,6,1,0,3,2,0
Lithuania,LT,EUR,2016,,1,26,18,0,2,6,0,1,0,0,1,0,0,7,3,0,3,1,0
Lithuania,LT,EUR,2017,,1,54,42,1,2,2,7,8,2,1,0,0,5,8,4,0,0,1,3
Lithuania,LT,EUR,2018,,1,46,37,0,1,4,4,3,1,0,0,1,1,3,3,0,0,0,0
Lithuania,LT,EUR,2019,,1,18,10,0,0,0,8,1,0,0,0,0,1,5,3,0,0,0,2
Lithuania,LT,EUR,2020,1,,22,13,0,1,5,3,1,0,0,0,0,1,2,0,0,0,1,1
Lithuania,LT,EUR,2021,,,,,,,,,,,,,,,,,,,,
Luxembourg,LU,EUR,2012,,0,1,1,0,0,0,0,0,0,0,0,0,0,0,0,0,0,0,0
Luxembourg,LU,EUR,2013,,0,1,1,0,0,0,0,0,0,0,0,0,0,,,,,,
Luxembourg,LU,EUR,2014,,1,1,,,,1,,,,,,,,0,,,,,
Luxembourg,LU,EUR,2015,,0,0,,,,,,0,,,,,,0,,,,,
Luxembourg,LU,EUR,2016,,0,0,,,,,,0,,,,,,0,,,,,
Luxembourg,LU,EUR,2017,,0,0,,,,,,0,,,,,,0,,,,,
Luxembourg,LU,EUR,2018,,0,0,,,,,,0,,,,,,0,,,,,
Luxembourg,LU,EUR,2019,,1,0,,,,,,0,,,,,,0,,,,,
Luxembourg,LU,EUR,2020,1,,0,,,,,,0,,,,,,0,,,,,
Luxembourg,LU,EUR,2021,1,,1,1,0,0,0,,0,,,,,,0,,,,,
Malta,MT,EUR,2012,,0,0,0,0,0,0,0,0,0,0,0,0,0,,,,,,
Malta,MT,EUR,2013,,1,0,0,0,0,0,0,0,0,0,0,0,0,0,0,0,0,0,0
Malta,MT,EUR,2014,,1,0,0,0,0,0,0,0,0,0,0,0,0,0,0,0,0,0,0
Malta,MT,EUR,2015,,1,0,0,0,0,0,0,0,0,0,0,0,0,0,0,0,0,0,0
Malta,MT,EUR,2016,,1,0,0,0,0,0,0,0,0,0,0,0,0,0,0,0,0,0,0
Malta,MT,EUR,2017,,1,0,0,0,0,0,0,0,0,0,0,0,0,0,0,0,0,0,0
Malta,MT,EUR,2018,,1,0,0,0,0,0,0,0,0,0,0,0,0,0,0,0,0,0,0
Malta,MT,EUR,2019,,1,,,,,,,,,,,,,,,,,,
Malta,MT,EUR,2020,1,,0,0,0,0,0,0,0,0,0,0,0,0,0,0,0,0,0,0
Malta,MT,EUR,2021,1,,0,0,0,0,0,0,0,0,0,0,0,0,0,0,0,0,0,0
Monaco,MC,EUR,2012,,,,,,,,,,,,,,,,,,,,
Monaco,MC,EUR,2013,,,0,,,,,,,,,,,,,,,,,
Monaco,MC,EUR,2014,,1,0,,,,,,,,,,,,0,,,,,
Monaco,MC,EUR,2015,,,,,,,,,,,,,,,,,,,,
Monaco,MC,EUR,2016,,,,,,,,,,,,,,,,,,,,
Monaco,MC,EUR,2017,,,,,,,,,,,,,,,,,,,,
Monaco,MC,EUR,2018,,,,,,,,,,,,,,,,,,,,
Monaco,MC,EUR,2019,,,,,,,,,,,,,,,,,,,,
Monaco,MC,EUR,2020,,,,,,,,,,,,,,,,,,,,
Monaco,MC,EUR,2021,,,,,,,,,,,,,,,,,,,,
Montenegro,ME,EUR,2012,,0,0,0,0,0,0,0,0,0,0,0,0,0,,,,,,
Montenegro,ME,EUR,2013,,1,0,0,0,0,0,0,0,0,0,0,0,0,0,0,0,0,0,0
Montenegro,ME,EUR,2014,,1,1,1,0,0,0,0,0,0,0,0,0,0,0,0,0,0,0,0
Montenegro,ME,EUR,2015,,1,1,1,0,0,0,0,0,0,0,0,0,0,0,0,0,0,0,0
Montenegro,ME,EUR,2016,,,,,,,,,,,,,,,,,,,,
Montenegro,ME,EUR,2017,,,,,,,,,,,,,,,,,,,,
Montenegro,ME,EUR,2018,,,,,,,,,,,,,,,,,,,,
Montenegro,ME,EUR,2019,,1,1,1,,,,,,,,,,,,,,,,
Montenegro,ME,EUR,2020,,,,,,,,,,,,,,,,,,,,
Montenegro,ME,EUR,2021,,,,,,,,,,,,,,,,,,,,
Netherlands,NL,EUR,2012,,0,18,14,0,0,2,2,4,3,0,0,0,1,,,,,,
Netherlands,NL,EUR,2013,,1,20,17,0,0,2,1,0,0,0,0,0,0,1,1,0,0,0,0
Netherlands,NL,EUR,2014,,1,14,9,0,0,2,3,0,0,0,0,0,0,0,0,0,0,0,0
Netherlands,NL,EUR,2015,,1,4,2,0,0,0,2,1,0,0,0,1,0,0,0,0,0,0,0
Netherlands,NL,EUR,2016,,1,14,6,0,0,4,4,1,0,0,0,0,1,2,0,0,0,1,1
Netherlands,NL,EUR,2017,,1,20,9,0,0,3,8,2,2,0,0,0,0,0,0,0,0,0,0
Netherlands,NL,EUR,2018,,1,5,3,0,0,0,2,2,1,0,0,0,1,1,1,0,0,0,0
Netherlands,NL,EUR,2019,,1,17,7,0,0,5,5,0,0,0,0,0,0,0,0,0,0,0,0
Netherlands (Kingdom of the),NL,EUR,2020,1,,5,3,0,0,2,0,0,0,0,0,0,0,0,0,0,0,0,0
Netherlands (Kingdom of the),NL,EUR,2021,1,,4,3,0,1,0,0,0,0,0,0,0,0,0,0,0,0,0,0
North Macedonia,MK,EUR,2017,,1,10,8,0,1,1,0,0,0,0,0,0,0,0,0,0,0,0,0
North Macedonia,MK,EUR,2018,,1,3,3,0,0,0,0,0,0,0,0,0,0,0,0,0,0,0,0
North Macedonia,MK,EUR,2019,,1,2,2,0,0,0,0,0,0,0,0,0,0,0,0,0,0,0,0
North Macedonia,MK,EUR,2020,1,,3,3,,,,,,,,,,,,,,,,
North Macedonia,MK,EUR,2021,1,,4,4,0,0,0,0,0,0,0,0,0,0,0,0,0,0,0,0
Norway,NO,EUR,2012,,,,,,,,,,,,,,,,,,,,
Norway,NO,EUR,2013,,,,,,,,,,,,,,,,,,,,
Norway,NO,EUR,2014,,,,,,,,,,,,,,,,,,,,
Norway,NO,EUR,2015,,,,,,,,,,,,,,,,,,,,
Norway,NO,EUR,2016,,,,,,,,,,,,,,,,,,,,
Norway,NO,EUR,2017,,,,,,,,,,,,,,,,,,,,
Norway,NO,EUR,2018,,0,0,,,,,,0,,,,,,0,,,,,
Norway,NO,EUR,2019,,,,,,,,,,,,,,,,,,,,
Norway,NO,EUR,2020,,,,,,,,,,,,,,,,,,,,
Norway,NO,EUR,2021,,,,,,,,,,,,,,,,,,,,
Poland,PL,EUR,2012,,0,204,114,0,0,5,85,39,28,0,0,1,10,,,,,,
Poland,PL,EUR,2013,,1,220,126,0,4,3,87,30,19,0,0,2,9,,,,,,
Poland,PL,EUR,2014,,1,131,75,,,7,49,21,15,,,,6,,,,,,
Poland,PL,EUR,2015,,1,142,63,0,2,7,70,30,13,0,0,1,16,,,,,,
Poland,PL,EUR,2016,,1,195,113,0,4,3,75,21,14,0,0,0,7,,,,,,
Poland,PL,EUR,2017,,,,,,,,,,,,,,,,,,,,
Poland,PL,EUR,2018,,,,,,,,,,,,,,,,,,,,
Poland,PL,EUR,2019,,,,,,,,,,,,,,,,,,,,
Poland,PL,EUR,2020,,,,,,,,,,,,,,,,,,,,
Poland,PL,EUR,2021,,,,,,,,,,,,,,,,,,,,
Portugal,PT,EUR,2012,,0,46,25,0,1,0,20,9,6,,,1,2,,,,,,
Portugal,PT,EUR,2013,,1,2373,1913,0,170,66,224,31,18,0,5,4,4,254,165,0,28,19,42
Portugal,PT,EUR,2014,,1,1100,936,0,85,29,50,94,75,0,6,8,5,103,84,0,7,7,5
Portugal,PT,EUR,2015,,1,61,31,0,2,0,28,9,4,0,1,0,4,15,8,0,2,0,5
Portugal,PT,EUR,2016,,1,39,18,0,1,0,20,2,1,0,0,0,1,11,3,0,0,0,8
Portugal,PT,EUR,2017,,1,34,16,,1,2,15,4,2,,,,2,9,4,,,,5
Portugal,PT,EUR,2018,,1,46,20,,0,2,24,9,5,,,,4,8,3,,,,5
Portugal,PT,EUR,2019,,1,42,25,,2,2,13,5,2,,,1,2,8,6,,,,2
Portugal,PT,EUR,2020,1,,22,15,0,3,1,3,3,2,0,1,0,0,5,3,0,1,1,0
Portugal,PT,EUR,2021,1,,22,12,0,0,1,9,3,2,0,0,1,0,4,1,0,0,1,2
Republic of Moldova,MD,EUR,2012,,0,130,101,2,6,8,13,72,43,3,2,10,14,,,,,,
Republic of Moldova,MD,EUR,2013,,1,142,106,9,7,20,0,20,7,4,1,8,0,15,8,0,5,2,0
Republic of Moldova,MD,EUR,2014,,1,101,84,2,4,9,2,14,10,0,0,3,1,15,10,0,3,2,0
Republic of Moldova,MD,EUR,2015,,1,89,77,3,4,5,0,5,1,0,0,3,1,14,10,1,2,0,1
Republic of Moldova,MD,EUR,2016,,1,139,117,7,2,9,4,14,10,0,2,1,1,12,6,2,0,3,1
Republic of Moldova,MD,EUR,2017,,1,66,59,2,1,3,1,10,7,2,0,1,0,12,10,1,0,1,0
Republic of Moldova,MD,EUR,2018,,1,68,62,4,0,2,0,4,3,1,0,0,0,10,9,1,0,0,0
Republic of Moldova,MD,EUR,2019,,1,84,66,6,4,4,4,20,10,0,0,1,9,19,13,0,2,2,2
Republic of Moldova,MD,EUR,2020,1,,33,24,3,3,0,3,5,4,1,0,0,0,7,3,2,2,0,0
Republic of Moldova,MD,EUR,2021,1,,83,71,3,3,6,0,4,4,0,0,0,0,9,9,0,0,0,0
Romania,RO,EUR,2012,,0,112,88,1,1,2,20,21,17,0,0,0,4,,,,,,
Romania,RO,EUR,2013,,1,140,105,1,2,4,28,7,5,0,0,1,1,13,11,0,0,1,1
Romania,RO,EUR,2014,,1,204,176,0,5,12,11,31,25,0,2,1,3,22,14,0,4,1,3
Romania,RO,EUR,2015,,1,161,147,2,4,5,3,8,5,0,0,2,1,34,29,0,3,2,0
Romania,RO,EUR,2016,,1,155,145,0,6,4,0,7,4,1,0,2,0,30,23,0,5,2,0
Romania,RO,EUR,2017,,1,105,92,1,5,7,0,5,3,0,0,1,1,21,14,0,4,3,0
Romania,RO,EUR,2018,,1,114,96,3,4,9,2,6,4,1,1,0,0,24,16,2,3,3,0
Romania,RO,EUR,2019,,1,108,86,1,2,8,11,1,0,0,0,1,0,10,5,0,1,3,1
Romania,RO,EUR,2020,0,,73,64,0,2,4,3,6,5,0,0,1,0,3,2,0,1,0,0
Romania,RO,EUR,2021,0,,97,80,0,5,8,4,0,0,0,0,0,0,10,8,0,2,0,0
Russian Federation,RU,EUR,2012,,0,9072,5456,969,241,490,1916,4433,2124,891,145,342,931,,,,,,
Russian Federation,RU,EUR,2013,,1,11627,6641,1294,349,555,2788,1096,361,320,54,84,277,,,,,,
Russian Federation,RU,EUR,2014,,1,9990,5794,1056,372,505,2263,906,314,251,48,64,229,,,,,,
Russian Federation,RU,EUR,2015,,1,9107,4940,1109,351,413,2294,710,206,150,30,58,266,,,,,,
Russian Federation,RU,EUR,2016,,1,8546,4811,841,325,328,2241,2620,1069,403,61,114,973,,,,,,
Russian Federation,RU,EUR,2017,,1,7205,3963,708,255,369,1910,2360,974,453,57,143,733,,,,,,
Russian Federation,RU,EUR,2018,,1,6382,3342,657,207,289,1887,2206,826,317,48,145,870,1337,429,179,23,72,634
Russian Federation,RU,EUR,2019,,1,5611,3133,470,160,232,1616,1936,754,289,31,125,737,1849,664,331,110,91,653
Russian Federation,RU,EUR,2020,1,,4630,2638,423,140,200,1229,1936,754,289,31,125,737,1638,590,315,116,91,526
Russian Federation,RU,EUR,2021,1,,4007,2296,360,109,143,1099,1936,754,289,31,125,737,1607,488,470,77,82,490
San Marino,SM,EUR,2012,,,,,,,,,,,,,,,,,,,,
San Marino,SM,EUR,2013,,,,,,,,,,,,,,,,,,,,
San Marino,SM,EUR,2014,,,,,,,,,,,,,,,,,,,,
San Marino,SM,EUR,2015,,1,0,0,0,0,0,0,0,0,0,0,0,0,0,0,0,0,0,0
San Marino,SM,EUR,2016,,,,,,,,,,,,,,,,,,,,
San Marino,SM,EUR,2017,,,,,,,,,,,,,,,,,,,,
San Marino,SM,EUR,2018,,,,,,,,,,,,,,,,,,,,
San Marino,SM,EUR,2019,,,,,,,,,,,,,,,,,,,,
San Marino,SM,EUR,2020,,,,,,,,,,,,,,,,,,,,
San Marino,SM,EUR,2021,,,,,,,,,,,,,,,,,,,,
Serbia,RS,EUR,2012,,0,26,20,0,2,0,4,2,2,0,0,0,0,,,,,,
Serbia,RS,EUR,2013,,1,21,18,0,1,2,0,1,0,0,0,0,1,0,0,0,0,0,0
Serbia,RS,EUR,2014,,1,13,9,0,1,1,2,0,0,0,0,0,0,0,0,0,0,0,0
Serbia,RS,EUR,2015,,1,14,14,0,0,0,0,1,1,0,0,0,0,1,1,0,0,0,0
Serbia,RS,EUR,2016,,1,11,7,0,1,3,,0,0,0,0,0,0,0,0,0,0,0,0
Serbia,RS,EUR,2017,,1,8,7,0,0,1,0,0,0,0,0,0,0,0,0,0,0,0,0
Serbia,RS,EUR,2018,,1,3,3,0,0,0,0,1,1,0,0,0,0,0,0,0,0,0,0
Serbia,RS,EUR,2019,,,,,,,,,,,,,,,,,,,,
Serbia,RS,EUR,2020,,,,,,,,,,,,,,,,,,,,
Serbia,RS,EUR,2021,1,,,,,,,,,,,,,,,,,,,
Slovakia,SK,EUR,2012,,0,20,20,0,0,0,0,7,7,0,0,0,0,,,,,,
Slovakia,SK,EUR,2013,,1,27,27,0,0,0,0,3,3,0,0,0,0,0,0,0,0,0,0
Slovakia,SK,EUR,2014,,1,20,20,0,0,0,0,1,1,0,0,0,0,0,0,0,0,0,0
Slovakia,SK,EUR,2015,,1,17,17,0,0,0,0,4,4,0,0,0,0,0,0,0,0,0,0
Slovakia,SK,EUR,2016,,1,17,17,0,0,0,0,2,2,0,0,0,0,0,0,0,0,0,0
Slovakia,SK,EUR,2017,,1,19,19,0,0,0,0,2,2,0,0,0,0,0,0,0,0,0,0
Slovakia,SK,EUR,2018,,1,14,14,0,0,0,0,2,2,0,0,0,0,0,0,0,0,0,0
Slovakia,SK,EUR,2019,,1,6,6,0,0,0,0,1,1,0,0,0,0,0,0,0,0,0,0
Slovakia,SK,EUR,2020,1,,2,2,0,0,0,0,1,1,0,0,0,0,0,0,0,0,0,0
Slovakia,SK,EUR,2021,1,,2,2,0,0,0,0,1,1,0,0,0,0,0,0,0,0,0,0
Slovenia,SI,EUR,2012,,0,0,0,0,0,0,0,0,0,0,0,0,0,,,,,,
Slovenia,SI,EUR,2013,,1,0,0,0,0,0,0,0,0,0,0,0,0,0,0,0,0,0,0
Slovenia,SI,EUR,2014,,0,0,0,0,0,0,0,0,0,0,0,0,0,0,0,0,0,0,0
Slovenia,SI,EUR,2015,,0,0,0,0,0,0,0,0,0,0,0,0,0,0,0,0,0,0,0
Slovenia,SI,EUR,2016,,,,,,,,,,,,,,,,,,,,
Slovenia,SI,EUR,2017,,,,,,,,,,,,,,,,,,,,
Slovenia,SI,EUR,2018,,0,0,0,0,0,0,0,0,0,0,0,0,0,0,0,0,0,0,0
Slovenia,SI,EUR,2019,,1,,,,,,,,,,,,,,,,,,
Slovenia,SI,EUR,2020,1,,,,,,,,,,,,,,,,,,,
Slovenia,SI,EUR,2021,1,,,,,,,,,,,,,,,,,,,
Spain,ES,EUR,2012,,,,,,,,,,,,,,,,,,,,
Spain,ES,EUR,2013,,,,,,,,,,,,,,,,,,,,
Spain,ES,EUR,2014,,,,,,,,,,,,,,,,,,,,
Spain,ES,EUR,2015,,,,,,,,,,,,,,,,,,,,
Spain,ES,EUR,2016,,,,,,,,,,,,,,,,,,,,
Spain,ES,EUR,2017,,,,,,,,,,,,,,,,,,,,
Spain,ES,EUR,2018,,,,,,,,,,,,,,,,,,,,
Spain,ES,EUR,2019,,,,,,,,,,,,,,,,,,,,
Spain,ES,EUR,2020,,,,,,,,,,,,,,,,,,,,
Spain,ES,EUR,2021,,,,,,,,,,,,,,,,,,,,
Sweden,SE,EUR,2012,,,,,,,,,,,,,,,,,,,,
Sweden,SE,EUR,2013,,,,,,,,,,,,,,,,,,,,
Sweden,SE,EUR,2014,,,,,,,,,,,,,,,,,,,,
Sweden,SE,EUR,2015,,,,,,,,,,,,,,,,,,,,
Sweden,SE,EUR,2016,,,,,,,,,,,,,,,,,,,,
Sweden,SE,EUR,2017,,,,,,,,,,,,,,,,,,,,
Sweden,SE,EUR,2018,,,,,,,,,,,,,,,,,,,,
Sweden,SE,EUR,2019,,,,,,,,,,,,,,,,,,,,
Sweden,SE,EUR,2020,,,,,,,,,,,,,,,,,,,,
Sweden,SE,EUR,2021,,,,,,,,,,,,,,,,,,,,
Switzerland,CH,EUR,2012,,,,,,,,,,,,,,,,,,,,
Switzerland,CH,EUR,2013,,,,,,,,,,,,,,,,,,,,
Switzerland,CH,EUR,2014,,,,,,,,,,,,,,,,,,,,
Switzerland,CH,EUR,2015,,,,,,,,,,,,,,,,,,,,
Switzerland,CH,EUR,2016,,,,,,,,,,,,,,,,,,,,
Switzerland,CH,EUR,2017,,,,,,,,,,,,,,,,,,,,
Switzerland,CH,EUR,2018,,1,,,,,,,,,,,,,,,,,,
Switzerland,CH,EUR,2019,,,,,,,,,,,,,,,,,,,,
Switzerland,CH,EUR,2020,,,,,,,,,,,,,,,,,,,,
Switzerland,CH,EUR,2021,,,,,,,,,,,,,,,,,,,,
Tajikistan,TJ,EUR,2012,,0,147,130,6,9,2,0,59,47,9,1,2,0,,,,,,
Tajikistan,TJ,EUR,2013,,1,112,97,8,6,1,0,17,16,0,1,0,0,19,16,0,3,0,0
Tajikistan,TJ,EUR,2014,,1,102,83,5,11,1,2,16,14,0,1,1,0,,,,,,
Tajikistan,TJ,EUR,2015,,1,76,71,0,2,3,0,9,9,0,0,0,0,7,5,0,2,0,0
Tajikistan,TJ,EUR,2016,,1,70,61,1,5,3,0,6,6,0,0,0,0,18,16,0,2,0,0
Tajikistan,TJ,EUR,2017,,1,76,69,0,7,0,0,5,5,0,0,0,0,15,12,0,3,0,0
Tajikistan,TJ,EUR,2018,,1,95,90,1,4,0,0,0,0,0,0,0,0,17,16,1,0,0,0
Tajikistan,TJ,EUR,2019,,1,79,70,2,4,2,1,0,0,0,0,0,0,8,3,1,3,1,0
Tajikistan,TJ,EUR,2020,1,,68,52,1,1,0,14,2,1,0,0,0,1,15,11,0,0,0,4
Tajikistan,TJ,EUR,2021,1,,38,31,2,3,2,0,0,0,0,0,0,0,8,5,0,2,1,0
The Former Yugoslav Republic of Macedonia,MK,EUR,2012,,0,1,1,0,0,0,0,0,0,0,0,0,0,0,0,0,0,0,0
The Former Yugoslav Republic of Macedonia,MK,EUR,2013,,1,8,8,0,0,0,0,0,0,0,0,0,0,0,0,0,0,0,0
The Former Yugoslav Republic of Macedonia,MK,EUR,2014,,1,4,4,0,0,0,0,0,0,0,0,0,0,0,0,0,0,0,0
The Former Yugoslav Republic of Macedonia,MK,EUR,2015,,1,4,2,0,0,2,0,0,0,0,0,0,0,0,0,0,0,0,0
The Former Yugoslav Republic of Macedonia,MK,EUR,2016,,1,3,2,0,0,1,0,0,0,0,0,0,0,0,0,0,0,0,0
Turkey,TR,EUR,2012,,0,126,113,0,4,6,3,24,16,0,1,5,2,,,,,,
Turkey,TR,EUR,2013,,1,123,104,3,0,11,5,3,2,0,0,0,1,1,1,0,0,0,0
Turkey,TR,EUR,2014,,1,142,124,0,7,5,6,7,6,0,0,1,0,1,1,0,0,0,0
Turkey,TR,EUR,2015,,1,143,113,2,9,14,5,4,4,0,0,0,0,0,0,0,0,0,0
Turkey,TR,EUR,2016,,1,166,139,1,7,14,5,7,4,0,0,2,1,0,0,0,0,0,0
Turkey,TR,EUR,2017,,1,124,107,1,5,9,2,7,5,0,0,2,0,2,2,0,0,0,0
Turkey,TR,EUR,2018,,1,151,121,0,7,11,12,10,5,0,0,2,3,3,2,0,0,0,1
Turkey,TR,EUR,2019,,1,188,146,3,16,10,13,11,4,1,0,4,2,3,1,0,0,0,2
Türkiye,TR,EUR,2020,1,,118,97,1,4,7,9,3,0,0,0,1,2,1,0,0,1,0,0
Türkiye,TR,EUR,2021,1,,95,71,1,5,7,11,5,4,0,0,1,0,1,0,0,1,0,0
Turkmenistan,TM,EUR,2012,,,,,,,,,,,,,,,,,,,,
Turkmenistan,TM,EUR,2013,,,,,,,,,,,,,,,,,,,,
Turkmenistan,TM,EUR,2014,,,,,,,,,,,,,,,,,,,,
Turkmenistan,TM,EUR,2015,,,,,,,,,,,,,,,,,,,,
Turkmenistan,TM,EUR,2016,,,,,,,,,,,,,,,,,,,,
Turkmenistan,TM,EUR,2017,,,,,,,,,,,,,,,,,,,,
Turkmenistan,TM,EUR,2018,,,,,,,,,,,,,,,,,,,,
Turkmenistan,TM,EUR,2019,,,,,,,,,,,,,,,,,,,,
Turkmenistan,TM,EUR,2020,,,,,,,,,,,,,,,,,,,,
Turkmenistan,TM,EUR,2021,,,,,,,,,,,,,,,,,,,,
Ukraine,UA,EUR,2012,,0,1582,1021,172,55,1,333,1526,823,239,50,5,409,,,,,,
Ukraine,UA,EUR,2013,,1,1710,1034,209,78,3,386,630,284,75,89,2,180,,,,,,
Ukraine,UA,EUR,2014,,1,1024,620,88,28,62,226,390,190,35,10,68,87,277,170,46,28,29,4
Ukraine,UA,EUR,2015,,1,877,645,136,24,60,12,156,94,45,3,13,1,221,163,25,17,16,0
Ukraine,UA,EUR,2016,,1,997,478,434,28,48,9,226,113,95,4,14,0,194,131,25,22,14,2
Ukraine,UA,EUR,2017,,1,567,433,48,30,46,10,97,64,19,1,10,3,177,119,13,24,16,5
Ukraine,UA,EUR,2018,,1,475,361,46,20,46,2,104,71,12,9,12,0,170,117,18,17,18,0
Ukraine,UA,EUR,2019,,1,453,343,34,26,50,0,86,66,10,4,6,0,154,109,12,22,11,0
Ukraine,UA,EUR,2020,1,,339,269,26,12,32,0,57,38,5,3,11,0,109,77,5,12,15,0
Ukraine,UA,EUR,2021,1,,384,258,47,15,33,31,70,47,12,2,6,3,108,70,10,11,7,10
United Kingdom of Great Britain and Northern Ireland,GB,EUR,2012,,0,35,21,0,0,6,8,2,2,0,0,0,0,,,,,,
United Kingdom of Great Britain and Northern Ireland,GB,EUR,2013,,1,33,23,0,0,4,6,2,1,0,0,1,0,0,,,,,
United Kingdom of Great Britain and Northern Ireland,GB,EUR,2014,,1,43,32,0,0,5,6,2,2,0,0,0,0,,,,,,
United Kingdom of Great Britain and Northern Ireland,GB,EUR,2015,,1,29,18,0,3,8,0,5,2,0,1,2,0,,,,,,
United Kingdom of Great Britain and Northern Ireland,GB,EUR,2016,,1,26,16,0,1,2,7,2,1,0,0,0,1,4,1,0,1,0,2
United Kingdom of Great Britain and Northern Ireland,GB,EUR,2017,,1,23,16,0,0,4,3,2,2,0,0,0,0,2,2,0,0,0,0
United Kingdom of Great Britain and Northern Ireland,GB,EUR,2018,,,,,,,,,,,,,,,,,,,,
United Kingdom of Great Britain and Northern Ireland,GB,EUR,2019,,,,,,,,,,,,,,,,,,,,
United Kingdom of Great Britain and Northern Ireland,GB,EUR,2020,,,,,,,,,,,,,,,,,,,,
United Kingdom of Great Britain and Northern Ireland,GB,EUR,2021,,,,,,,,,,,,,,,,,,,,
Uzbekistan,UZ,EUR,2012,,0,349,238,38,38,10,25,358,175,92,28,7,56,,,,,,
Uzbekistan,UZ,EUR,2013,,,,,,,,,,,,,,,,,,,,
Uzbekistan,UZ,EUR,2014,,,,,,,,,,,,,,,,,,,,
Uzbekistan,UZ,EUR,2015,,,,,,,,,,,,,,,,,,,,
Uzbekistan,UZ,EUR,2016,,,,,,,,,,,,,,,,,,,,
Uzbekistan,UZ,EUR,2017,,,,,,,,,,,,,,,,,,,,
Uzbekistan,UZ,EUR,2018,,,,,,,,,,,,,,,,,,,,
Uzbekistan,UZ,EUR,2019,,,,,,,,,,,,,,,,,,,,
Uzbekistan,UZ,EUR,2020,,,,,,,,,,,,,,,,,,,,
Uzbekistan,UZ,EUR,2021,,,,,,,,,,,,,,,,,,,,
